{
    "track_name": "Ayy Macarena - Tyga",
    "audio_file": "uploads/Ayy Macarena - Tyga.mp3",
    "analysis": {
        "technical_features": {
            "duration_ms": 133387,
            "tempo": 96.98275862068965,
            "energy": 0.95,
            "loudness": -10.207844734191895,
            "key": 2,
            "mode": 1,
            "time_signature": 12,
            "acousticness": 0.69028639793396,
            "instrumentalness": 0.6029605865478516,
            "speechiness": 0.95,
            "danceability": 0.95,
            "valence": 0.95,
            "spotify_audio_features": {
                "acousticness": 0.69028639793396,
                "danceability": 0.95,
                "duration_ms": 133387,
                "energy": 0.95,
                "instrumentalness": 0.6029605865478516,
                "key": 2,
                "liveness": 0.7288157653808593,
                "loudness": -10.207844734191895,
                "mode": 1,
                "speechiness": 0.95,
                "tempo": 96.98275862068965,
                "time_signature": 12,
                "valence": 0.95,
                "type": "audio_features",
                "analysis_url": null,
                "track_href": null,
                "uri": null,
                "id": null
            },
            "voice_features": {
                "has_voice": true,
                "voice_type": "female",
                "pitch_stats": {
                    "mean": 628.4039306640625,
                    "min": 152.42501831054688,
                    "max": 3993.32177734375
                },
                "intensity": {
                    "mean": 0.30875056982040405,
                    "min": 0.0,
                    "max": 0.7063765525817871
                },
                "harmonicity": {
                    "mean": 0.007716210559010506,
                    "min": 5.3168552227589316e-08,
                    "max": 1.0000007152557373
                },
                "detected_language": null,
                "transcribed_text": null
            }
        },
        "mood_scores": {
            "valence": 0.95,
            "arousal": 0.8036957618833959,
            "energy": 0.95,
            "quadrant": 1,
            "quadrant_description": "High Valence, High Arousal (Happy, Energetic)",
            "closest_moods": [
                {
                    "mood": "fun",
                    "distance": 0.20554424012537975,
                    "quadrant": 1,
                    "valence": 0.837,
                    "arousal": 0.632
                },
                {
                    "mood": "happy",
                    "distance": 0.22380573225550576,
                    "quadrant": 1,
                    "valence": 0.8470000000000001,
                    "arousal": 0.605
                },
                {
                    "mood": "energetic",
                    "distance": 0.27343563807885246,
                    "quadrant": 1,
                    "valence": 0.757,
                    "arousal": 0.61
                },
                {
                    "mood": "party",
                    "distance": 0.3035141367698097,
                    "quadrant": 1,
                    "valence": 0.718,
                    "arousal": 0.608
                },
                {
                    "mood": "upbeat",
                    "distance": 0.39096067318346817,
                    "quadrant": 4,
                    "valence": 0.714,
                    "arousal": 0.492
                }
            ],
            "primary_mood": "fun",
            "confidence": 0.765738129846754,
            "mood_tags": [
                "fun",
                "happy",
                "energetic"
            ]
        },
        "duration": 133.38704166666668
    },
    "timestamp": "2024-12-03T17:58:03.232569"
}