{
    "track_name": "Eu Avisei (feat. Deejay Telio) - Blaya",
    "audio_file": "uploads/Eu Avisei feat Deejay Telio - Blaya.mp3",
    "analysis": {
        "technical_features": {
            "duration_ms": 186453,
            "tempo": 140.625,
            "energy": 0.4872918564245418,
            "loudness": -13.239410400390625,
            "key": 3,
            "mode": 0,
            "time_signature": 12,
            "acousticness": 0.7166322469711304,
            "instrumentalness": 0.5267720222473145,
            "speechiness": 0.3500670292526339,
            "danceability": 0.95,
            "valence": 0.49448741357354764,
            "spotify_audio_features": {
                "acousticness": 0.7166322469711304,
                "danceability": 0.95,
                "duration_ms": 186453,
                "energy": 0.4872918564245418,
                "instrumentalness": 0.5267720222473145,
                "key": 3,
                "liveness": 0.4816663049557993,
                "loudness": -13.239410400390625,
                "mode": 0,
                "speechiness": 0.3500670292526339,
                "tempo": 140.625,
                "time_signature": 12,
                "valence": 0.49448741357354764,
                "type": "audio_features",
                "analysis_url": null,
                "track_href": null,
                "uri": null,
                "id": null
            },
            "voice_features": {
                "has_voice": true,
                "voice_type": "female",
                "pitch_stats": {
                    "mean": 687.8998413085938,
                    "min": 152.39891052246094,
                    "max": 3993.83740234375
                },
                "intensity": {
                    "mean": 0.2177857607603073,
                    "min": 0.0,
                    "max": 0.617206871509552
                },
                "harmonicity": {
                    "mean": 0.001075557665899396,
                    "min": 2.162430234875501e-08,
                    "max": 1.0000007152557373
                },
                "detected_language": null,
                "transcribed_text": null
            }
        },
        "mood_scores": {
            "valence": 0.49448741357354764,
            "arousal": 0.6005404854934525,
            "energy": 0.4872918564245418,
            "quadrant": 2,
            "quadrant_description": "Low Valence, High Arousal (Aggressive, Intense)",
            "closest_moods": [
                {
                    "mood": "dramatic",
                    "distance": 0.06264448406643419,
                    "quadrant": 2,
                    "valence": 0.517,
                    "arousal": 0.659
                },
                {
                    "mood": "emotional",
                    "distance": 0.07050151531824851,
                    "quadrant": 1,
                    "valence": 0.511,
                    "arousal": 0.532
                },
                {
                    "mood": "dark",
                    "distance": 0.19201652943171285,
                    "quadrant": 3,
                    "valence": 0.508,
                    "arousal": 0.409
                },
                {
                    "mood": "melancholic",
                    "distance": 0.22290951197461942,
                    "quadrant": 3,
                    "valence": 0.374,
                    "arousal": 0.413
                },
                {
                    "mood": "party",
                    "distance": 0.2236370287937928,
                    "quadrant": 1,
                    "valence": 0.718,
                    "arousal": 0.608
                }
            ],
            "primary_mood": "dramatic",
            "confidence": 0.8916124903945348,
            "mood_tags": [
                "dramatic",
                "emotional",
                "dark"
            ]
        },
        "duration": 186.45333333333335
    },
    "timestamp": "2024-12-04T05:51:08.545018"
}