{
    "track_name": "Filme - Deejay Telio",
    "audio_file": "uploads/Filme - Deejay Telio.mp3",
    "analysis": {
        "technical_features": {
            "duration_ms": 164884,
            "tempo": 119.68085106382979,
            "energy": 0.95,
            "loudness": -14.506814956665039,
            "key": 1,
            "mode": 0,
            "time_signature": 12,
            "acousticness": 0.7409733533859253,
            "instrumentalness": 0.46438175439834595,
            "speechiness": 0.95,
            "danceability": 0.95,
            "valence": 0.95,
            "spotify_audio_features": {
                "acousticness": 0.7409733533859253,
                "danceability": 0.95,
                "duration_ms": 164884,
                "energy": 0.95,
                "instrumentalness": 0.46438175439834595,
                "key": 1,
                "liveness": 0.7842472982406616,
                "loudness": -14.506814956665039,
                "mode": 0,
                "speechiness": 0.95,
                "tempo": 119.68085106382979,
                "time_signature": 12,
                "valence": 0.95,
                "type": "audio_features",
                "analysis_url": null,
                "track_href": null,
                "uri": null,
                "id": null
            },
            "voice_features": {
                "has_voice": true,
                "voice_type": "female",
                "pitch_stats": {
                    "mean": 429.38116455078125,
                    "min": 152.52542114257812,
                    "max": 3517.498779296875
                },
                "intensity": {
                    "mean": 0.1882171928882599,
                    "min": 0.0,
                    "max": 0.7926652431488037
                },
                "harmonicity": {
                    "mean": 0.002161619486287236,
                    "min": 2.307903557152713e-08,
                    "max": 1.0000007152557373
                },
                "detected_language": null,
                "transcribed_text": null
            }
        },
        "mood_scores": {
            "valence": 0.95,
            "arousal": 0.8141560015103495,
            "energy": 0.95,
            "quadrant": 1,
            "quadrant_description": "High Valence, High Arousal (Happy, Energetic)",
            "closest_moods": [
                {
                    "mood": "fun",
                    "distance": 0.21435906532320587,
                    "quadrant": 1,
                    "valence": 0.837,
                    "arousal": 0.632
                },
                {
                    "mood": "happy",
                    "distance": 0.23314208750844903,
                    "quadrant": 1,
                    "valence": 0.8470000000000001,
                    "arousal": 0.605
                },
                {
                    "mood": "energetic",
                    "distance": 0.28094247267491224,
                    "quadrant": 1,
                    "valence": 0.757,
                    "arousal": 0.61
                },
                {
                    "mood": "party",
                    "distance": 0.31036155844230323,
                    "quadrant": 1,
                    "valence": 0.718,
                    "arousal": 0.608
                },
                {
                    "mood": "upbeat",
                    "distance": 0.3993500836473386,
                    "quadrant": 4,
                    "valence": 0.714,
                    "arousal": 0.492
                }
            ],
            "primary_mood": "fun",
            "confidence": 0.7571854581644776,
            "mood_tags": [
                "fun",
                "happy",
                "energetic"
            ]
        },
        "duration": 164.88491666666667
    },
    "timestamp": "2024-12-03T17:41:23.537332"
}