{
    "track_name": "FIM do NADA - Mizzy Miles",
    "audio_file": "uploads/FIM do NADA - Mizzy Miles.mp3",
    "analysis": {
        "technical_features": {
            "duration_ms": 255883,
            "tempo": 140.625,
            "energy": 0.95,
            "loudness": -11.796079635620117,
            "key": 2,
            "mode": 0,
            "time_signature": 12,
            "acousticness": 0.7420415282249451,
            "instrumentalness": 0.44751882553100586,
            "speechiness": 0.95,
            "danceability": 0.95,
            "valence": 0.95,
            "spotify_audio_features": {
                "acousticness": 0.7420415282249451,
                "danceability": 0.95,
                "duration_ms": 255883,
                "energy": 0.95,
                "instrumentalness": 0.44751882553100586,
                "key": 2,
                "liveness": 0.7909924697875976,
                "loudness": -11.796079635620117,
                "mode": 0,
                "speechiness": 0.95,
                "tempo": 140.625,
                "time_signature": 12,
                "valence": 0.95,
                "type": "audio_features",
                "analysis_url": null,
                "track_href": null,
                "uri": null,
                "id": null
            },
            "voice_features": {
                "has_voice": true,
                "voice_type": "female",
                "pitch_stats": {
                    "mean": 499.2786560058594,
                    "min": 152.38595581054688,
                    "max": 3983.71875
                },
                "intensity": {
                    "mean": 0.2571556270122528,
                    "min": 0.0,
                    "max": 0.6763614416122437
                },
                "harmonicity": {
                    "mean": 0.035043731331825256,
                    "min": 4.5615621502292925e-08,
                    "max": 1.0000007152557373
                },
                "detected_language": null,
                "transcribed_text": null
            }
        },
        "mood_scores": {
            "valence": 0.95,
            "arousal": 0.8516309181849162,
            "energy": 0.95,
            "quadrant": 1,
            "quadrant_description": "High Valence, High Arousal (Happy, Energetic)",
            "closest_moods": [
                {
                    "mood": "fun",
                    "distance": 0.24699542550976394,
                    "quadrant": 1,
                    "valence": 0.837,
                    "arousal": 0.632
                },
                {
                    "mood": "happy",
                    "distance": 0.2672747833311905,
                    "quadrant": 1,
                    "valence": 0.8470000000000001,
                    "arousal": 0.605
                },
                {
                    "mood": "energetic",
                    "distance": 0.3092482831365207,
                    "quadrant": 1,
                    "valence": 0.757,
                    "arousal": 0.61
                },
                {
                    "mood": "party",
                    "distance": 0.3364223897061926,
                    "quadrant": 1,
                    "valence": 0.718,
                    "arousal": 0.608
                },
                {
                    "mood": "upbeat",
                    "distance": 0.43015159806110903,
                    "quadrant": 4,
                    "valence": 0.714,
                    "arousal": 0.492
                }
            ],
            "primary_mood": "fun",
            "confidence": 0.7254938360075083,
            "mood_tags": [
                "fun",
                "happy",
                "energetic"
            ]
        },
        "duration": 255.88391666666666
    },
    "timestamp": "2024-12-03T17:59:03.238537"
}