{
    "track_name": "God's Plan - Drake",
    "audio_file": "uploads/Gods Plan - Drake.mp3",
    "analysis": {
        "technical_features": {
            "duration_ms": 356867,
            "tempo": 156.25,
            "energy": 0.95,
            "loudness": -16.939746856689453,
            "key": 9,
            "mode": 0,
            "time_signature": 12,
            "acousticness": 0.7645745277404785,
            "instrumentalness": 0.522422730922699,
            "speechiness": 0.95,
            "danceability": 0.95,
            "valence": 0.95,
            "spotify_audio_features": {
                "acousticness": 0.7645745277404785,
                "danceability": 0.95,
                "duration_ms": 356867,
                "energy": 0.95,
                "instrumentalness": 0.522422730922699,
                "key": 9,
                "liveness": 0.7610309076309204,
                "loudness": -16.939746856689453,
                "mode": 0,
                "speechiness": 0.95,
                "tempo": 156.25,
                "time_signature": 12,
                "valence": 0.95,
                "type": "audio_features",
                "analysis_url": null,
                "track_href": null,
                "uri": null,
                "id": null
            },
            "voice_features": {
                "has_voice": true,
                "voice_type": "female",
                "pitch_stats": {
                    "mean": 672.1785888671875,
                    "min": 152.52967834472656,
                    "max": 3992.23486328125
                },
                "intensity": {
                    "mean": 0.14223702251911163,
                    "min": 0.0,
                    "max": 0.6478863954544067
                },
                "harmonicity": {
                    "mean": 0.03796106204390526,
                    "min": 5.003195080455214e-10,
                    "max": 1.0000007152557373
                },
                "detected_language": null,
                "transcribed_text": null
            }
        },
        "mood_scores": {
            "valence": 0.95,
            "arousal": 0.8497302214304606,
            "energy": 0.95,
            "quadrant": 1,
            "quadrant_description": "High Valence, High Arousal (Happy, Energetic)",
            "closest_moods": [
                {
                    "mood": "fun",
                    "distance": 0.24530684728347354,
                    "quadrant": 1,
                    "valence": 0.837,
                    "arousal": 0.632
                },
                {
                    "mood": "happy",
                    "distance": 0.2655219035812343,
                    "quadrant": 1,
                    "valence": 0.8470000000000001,
                    "arousal": 0.605
                },
                {
                    "mood": "energetic",
                    "distance": 0.30776546113412023,
                    "quadrant": 1,
                    "valence": 0.757,
                    "arousal": 0.61
                },
                {
                    "mood": "party",
                    "distance": 0.3350485038808852,
                    "quadrant": 1,
                    "valence": 0.718,
                    "arousal": 0.608
                },
                {
                    "mood": "upbeat",
                    "distance": 0.42856377742955176,
                    "quadrant": 4,
                    "valence": 0.714,
                    "arousal": 0.492
                }
            ],
            "primary_mood": "fun",
            "confidence": 0.7271352626670573,
            "mood_tags": [
                "fun",
                "happy",
                "energetic"
            ]
        },
        "duration": 356.8675
    },
    "timestamp": "2024-12-03T17:52:01.879618"
}