{
    "track_name": "I Wanna Be Yours - Arctic Monkeys",
    "audio_file": "uploads/I Wanna Be Yours - Arctic Monkeys.mp3",
    "analysis": {
        "technical_features": {
            "duration_ms": 183956,
            "tempo": 67.7710843373494,
            "energy": 0.3438563644886017,
            "loudness": -15.293058395385742,
            "key": 2,
            "mode": 0,
            "time_signature": 12,
            "acousticness": 0.793429970741272,
            "instrumentalness": 0.418512761592865,
            "speechiness": 0.28762982200663123,
            "danceability": 0.6157889366149902,
            "valence": 0.5337136525896076,
            "spotify_audio_features": {
                "acousticness": 0.793429970741272,
                "danceability": 0.6157889366149902,
                "duration_ms": 183956,
                "energy": 0.3438563644886017,
                "instrumentalness": 0.418512761592865,
                "key": 2,
                "liveness": 0.43890871405601506,
                "loudness": -15.293058395385742,
                "mode": 0,
                "speechiness": 0.28762982200663123,
                "tempo": 67.7710843373494,
                "time_signature": 12,
                "valence": 0.5337136525896076,
                "type": "audio_features",
                "analysis_url": null,
                "track_href": null,
                "uri": null,
                "id": null
            },
            "voice_features": {
                "has_voice": true,
                "voice_type": "female",
                "pitch_stats": {
                    "mean": 575.5234985351562,
                    "min": 152.38819885253906,
                    "max": 3952.707763671875
                },
                "intensity": {
                    "mean": 0.17192818224430084,
                    "min": 3.916451896657236e-05,
                    "max": 0.5641729831695557
                },
                "harmonicity": {
                    "mean": 0.0005284156650304794,
                    "min": 1.489522816200406e-08,
                    "max": 0.07284276187419891
                },
                "detected_language": null,
                "transcribed_text": null
            }
        },
        "mood_scores": {
            "valence": 0.5337136525896076,
            "arousal": 0.43729830677035,
            "energy": 0.3438563644886017,
            "quadrant": 4,
            "quadrant_description": "High Valence, Low Arousal (Peaceful, Relaxing)",
            "closest_moods": [
                {
                    "mood": "dark",
                    "distance": 0.03823592676486171,
                    "quadrant": 3,
                    "valence": 0.508,
                    "arousal": 0.409
                },
                {
                    "mood": "emotional",
                    "distance": 0.09738747719560319,
                    "quadrant": 1,
                    "valence": 0.511,
                    "arousal": 0.532
                },
                {
                    "mood": "ballad",
                    "distance": 0.12582848251354015,
                    "quadrant": 4,
                    "valence": 0.633,
                    "arousal": 0.36
                },
                {
                    "mood": "melancholic",
                    "distance": 0.1615514114312218,
                    "quadrant": 3,
                    "valence": 0.374,
                    "arousal": 0.413
                },
                {
                    "mood": "cool",
                    "distance": 0.17572993907718354,
                    "quadrant": 4,
                    "valence": 0.682,
                    "arousal": 0.343
                }
            ],
            "primary_mood": "dark",
            "confidence": 0.9128493711753316,
            "mood_tags": [
                "dark",
                "emotional",
                "ballad"
            ]
        },
        "duration": 183.95608333333334
    },
    "timestamp": "2024-12-04T05:43:03.726750"
}