{
    "track_name": "I'm Sorry - Mizzy Miles",
    "audio_file": "uploads/Im Sorry - Mizzy Miles.mp3",
    "analysis": {
        "technical_features": {
            "duration_ms": 252888,
            "tempo": 127.8409090909091,
            "energy": 0.4280431270599365,
            "loudness": -13.390850067138672,
            "key": 4,
            "mode": 1,
            "time_signature": 12,
            "acousticness": 0.7613207101821899,
            "instrumentalness": 0.38806283473968506,
            "speechiness": 0.30589369854436227,
            "danceability": 0.95,
            "valence": 0.6377799368415593,
            "spotify_audio_features": {
                "acousticness": 0.7613207101821899,
                "danceability": 0.95,
                "duration_ms": 252888,
                "energy": 0.4280431270599365,
                "instrumentalness": 0.38806283473968506,
                "key": 4,
                "liveness": 0.5016007423400879,
                "loudness": -13.390850067138672,
                "mode": 1,
                "speechiness": 0.30589369854436227,
                "tempo": 127.8409090909091,
                "time_signature": 12,
                "valence": 0.6377799368415593,
                "type": "audio_features",
                "analysis_url": null,
                "track_href": null,
                "uri": null,
                "id": null
            },
            "voice_features": {
                "has_voice": true,
                "voice_type": "female",
                "pitch_stats": {
                    "mean": 472.8653869628906,
                    "min": 152.36660766601562,
                    "max": 3984.691162109375
                },
                "intensity": {
                    "mean": 0.21402156352996826,
                    "min": 0.0002122708538081497,
                    "max": 0.7355356812477112
                },
                "harmonicity": {
                    "mean": 9.889010107144713e-05,
                    "min": 4.8386117335041945e-09,
                    "max": 0.19206944108009338
                },
                "detected_language": null,
                "transcribed_text": null
            }
        },
        "mood_scores": {
            "valence": 0.6377799368415593,
            "arousal": 0.5558125484289694,
            "energy": 0.4280431270599365,
            "quadrant": 1,
            "quadrant_description": "High Valence, High Arousal (Happy, Energetic)",
            "closest_moods": [
                {
                    "mood": "party",
                    "distance": 0.09570156025176846,
                    "quadrant": 1,
                    "valence": 0.718,
                    "arousal": 0.608
                },
                {
                    "mood": "upbeat",
                    "distance": 0.09940593224187505,
                    "quadrant": 4,
                    "valence": 0.714,
                    "arousal": 0.492
                },
                {
                    "mood": "epic",
                    "distance": 0.11110464058155242,
                    "quadrant": 2,
                    "valence": 0.7190000000000001,
                    "arousal": 0.48
                },
                {
                    "mood": "emotional",
                    "distance": 0.12899685983864792,
                    "quadrant": 1,
                    "valence": 0.511,
                    "arousal": 0.532
                },
                {
                    "mood": "energetic",
                    "distance": 0.1309568759831471,
                    "quadrant": 1,
                    "valence": 0.757,
                    "arousal": 0.61
                }
            ],
            "primary_mood": "party",
            "confidence": 0.8979292889749347,
            "mood_tags": [
                "party",
                "upbeat",
                "epic"
            ]
        },
        "duration": 252.88897916666667
    },
    "timestamp": "2024-12-04T05:37:40.606578"
}