{
    "track_name": "May It Be - Enya",
    "audio_file": "uploads/May It Be - Enya.mp3",
    "analysis": {
        "technical_features": {
            "duration_ms": 214122,
            "tempo": 137.1951219512195,
            "energy": 0.17164894938468933,
            "loudness": -21.327777862548828,
            "key": 4,
            "mode": 1,
            "time_signature": 12,
            "acousticness": 0.816185712814331,
            "instrumentalness": 0.25675106048583984,
            "speechiness": 0.2032657792952705,
            "danceability": 0.6090272665023804,
            "valence": 0.8402568501120411,
            "spotify_audio_features": {
                "acousticness": 0.816185712814331,
                "danceability": 0.6090272665023804,
                "duration_ms": 214122,
                "energy": 0.17164894938468933,
                "instrumentalness": 0.25675106048583984,
                "key": 4,
                "liveness": 0.40028894543647764,
                "loudness": -21.327777862548828,
                "mode": 1,
                "speechiness": 0.2032657792952705,
                "tempo": 137.1951219512195,
                "time_signature": 12,
                "valence": 0.8402568501120411,
                "type": "audio_features",
                "analysis_url": null,
                "track_href": null,
                "uri": null,
                "id": null
            },
            "voice_features": {
                "has_voice": true,
                "voice_type": "female",
                "pitch_stats": {
                    "mean": 454.3887023925781,
                    "min": 152.53536987304688,
                    "max": 3646.7314453125
                },
                "intensity": {
                    "mean": 0.08582447469234467,
                    "min": 0.0,
                    "max": 0.392363578081131
                },
                "harmonicity": {
                    "mean": 0.015849782153964043,
                    "min": 1.1841699176784459e-07,
                    "max": 1.0000007152557373
                },
                "detected_language": null,
                "transcribed_text": null
            }
        },
        "mood_scores": {
            "valence": 0.8402568501120411,
            "arousal": 0.4216143190284737,
            "energy": 0.17164894938468933,
            "quadrant": 4,
            "quadrant_description": "High Valence, Low Arousal (Peaceful, Relaxing)",
            "closest_moods": [
                {
                    "mood": "relaxing",
                    "distance": 0.02250337663771705,
                    "quadrant": 4,
                    "valence": 0.819,
                    "arousal": 0.429
                },
                {
                    "mood": "epic",
                    "distance": 0.13458124476167854,
                    "quadrant": 2,
                    "valence": 0.7190000000000001,
                    "arousal": 0.48
                },
                {
                    "mood": "upbeat",
                    "distance": 0.1445508086661569,
                    "quadrant": 4,
                    "valence": 0.714,
                    "arousal": 0.492
                },
                {
                    "mood": "soft",
                    "distance": 0.1732842576259312,
                    "quadrant": 4,
                    "valence": 0.713,
                    "arousal": 0.304
                },
                {
                    "mood": "cool",
                    "distance": 0.17670722046281997,
                    "quadrant": 4,
                    "valence": 0.682,
                    "arousal": 0.343
                }
            ],
            "primary_mood": "relaxing",
            "confidence": 0.8994548566448158,
            "mood_tags": [
                "relaxing",
                "epic",
                "upbeat"
            ]
        },
        "duration": 214.1228125
    },
    "timestamp": "2024-12-04T05:20:58.957104"
}