{
    "track_name": "Ningu\u00e9m Entende Nada - Mizzy Miles",
    "audio_file": "uploads/Ningu\u00e9m Entende Nada - Mizzy Miles.mp3",
    "analysis": {
        "technical_features": {
            "duration_ms": 210964,
            "tempo": 140.625,
            "energy": 0.95,
            "loudness": -11.344042778015137,
            "key": 5,
            "mode": 0,
            "time_signature": 12,
            "acousticness": 0.7176523208618164,
            "instrumentalness": 0.4513668715953827,
            "speechiness": 0.95,
            "danceability": 0.95,
            "valence": 0.95,
            "spotify_audio_features": {
                "acousticness": 0.7176523208618164,
                "danceability": 0.95,
                "duration_ms": 210964,
                "energy": 0.95,
                "instrumentalness": 0.4513668715953827,
                "key": 5,
                "liveness": 0.7894532513618469,
                "loudness": -11.344042778015137,
                "mode": 0,
                "speechiness": 0.95,
                "tempo": 140.625,
                "time_signature": 12,
                "valence": 0.95,
                "type": "audio_features",
                "analysis_url": null,
                "track_href": null,
                "uri": null,
                "id": null
            },
            "voice_features": {
                "has_voice": true,
                "voice_type": "female",
                "pitch_stats": {
                    "mean": 572.8836059570312,
                    "min": 152.53163146972656,
                    "max": 3785.23486328125
                },
                "intensity": {
                    "mean": 0.27089303731918335,
                    "min": 0.0,
                    "max": 0.7157838940620422
                },
                "harmonicity": {
                    "mean": 0.0009886020561680198,
                    "min": 3.475623344684209e-09,
                    "max": 1.0000007152557373
                },
                "detected_language": null,
                "transcribed_text": null
            }
        },
        "mood_scores": {
            "valence": 0.95,
            "arousal": 0.8535144050916036,
            "energy": 0.95,
            "quadrant": 1,
            "quadrant_description": "High Valence, High Arousal (Happy, Energetic)",
            "closest_moods": [
                {
                    "mood": "fun",
                    "distance": 0.24867173474902018,
                    "quadrant": 1,
                    "valence": 0.837,
                    "arousal": 0.632
                },
                {
                    "mood": "happy",
                    "distance": 0.26901377202298327,
                    "quadrant": 1,
                    "valence": 0.8470000000000001,
                    "arousal": 0.605
                },
                {
                    "mood": "energetic",
                    "distance": 0.31072216767896943,
                    "quadrant": 1,
                    "valence": 0.757,
                    "arousal": 0.61
                },
                {
                    "mood": "party",
                    "distance": 0.33778887356969595,
                    "quadrant": 1,
                    "valence": 0.718,
                    "arousal": 0.608
                },
                {
                    "mood": "upbeat",
                    "distance": 0.4317275357082706,
                    "quadrant": 4,
                    "valence": 0.714,
                    "arousal": 0.492
                }
            ],
            "primary_mood": "fun",
            "confidence": 0.7238641085163424,
            "mood_tags": [
                "fun",
                "happy",
                "energetic"
            ]
        },
        "duration": 210.96491666666665
    },
    "timestamp": "2024-12-03T17:33:52.715838"
}