{
    "track_name": "Orinoco Flow - Enya",
    "audio_file": "uploads/Orinoco Flow - Enya.mp3",
    "analysis": {
        "technical_features": {
            "duration_ms": 223210,
            "tempo": 114.79591836734694,
            "energy": 0.28328636288642883,
            "loudness": -16.97608757019043,
            "key": 7,
            "mode": 0,
            "time_signature": 12,
            "acousticness": 0.7329971790313721,
            "instrumentalness": 0.4166807532310486,
            "speechiness": 0.2764020271927906,
            "danceability": 0.7423279285430908,
            "valence": 0.6259052572693041,
            "spotify_audio_features": {
                "acousticness": 0.7329971790313721,
                "danceability": 0.7423279285430908,
                "duration_ms": 223210,
                "energy": 0.28328636288642883,
                "instrumentalness": 0.4166807532310486,
                "key": 7,
                "liveness": 0.40329951643943784,
                "loudness": -16.97608757019043,
                "mode": 0,
                "speechiness": 0.2764020271927906,
                "tempo": 114.79591836734694,
                "time_signature": 12,
                "valence": 0.6259052572693041,
                "type": "audio_features",
                "analysis_url": null,
                "track_href": null,
                "uri": null,
                "id": null
            },
            "voice_features": {
                "has_voice": true,
                "voice_type": "female",
                "pitch_stats": {
                    "mean": 359.7258605957031,
                    "min": 152.6326904296875,
                    "max": 3000.027099609375
                },
                "intensity": {
                    "mean": 0.14164318144321442,
                    "min": 1.1749943951144814e-07,
                    "max": 0.4781023859977722
                },
                "harmonicity": {
                    "mean": 0.00012450672511477023,
                    "min": 5.875706960978277e-07,
                    "max": 1.0000007152557373
                },
                "detected_language": null,
                "transcribed_text": null
            }
        },
        "mood_scores": {
            "valence": 0.6259052572693041,
            "arousal": 0.4637159476239075,
            "energy": 0.28328636288642883,
            "quadrant": 4,
            "quadrant_description": "High Valence, Low Arousal (Peaceful, Relaxing)",
            "closest_moods": [
                {
                    "mood": "upbeat",
                    "distance": 0.09252389591668216,
                    "quadrant": 4,
                    "valence": 0.714,
                    "arousal": 0.492
                },
                {
                    "mood": "epic",
                    "distance": 0.09450820856349881,
                    "quadrant": 2,
                    "valence": 0.7190000000000001,
                    "arousal": 0.48
                },
                {
                    "mood": "ballad",
                    "distance": 0.10395832417820079,
                    "quadrant": 4,
                    "valence": 0.633,
                    "arousal": 0.36
                },
                {
                    "mood": "dark",
                    "distance": 0.1299826319787493,
                    "quadrant": 3,
                    "valence": 0.508,
                    "arousal": 0.409
                },
                {
                    "mood": "cool",
                    "distance": 0.13311258457696978,
                    "quadrant": 4,
                    "valence": 0.682,
                    "arousal": 0.343
                }
            ],
            "primary_mood": "upbeat",
            "confidence": 0.9030031904472061,
            "mood_tags": [
                "upbeat",
                "epic",
                "ballad"
            ]
        },
        "duration": 223.21066666666667
    },
    "timestamp": "2024-12-04T05:31:44.642919"
}