{
    "track_name": "Photograph - Ed Sheeran",
    "audio_file": "uploads/Photograph - Ed Sheeran.mp3",
    "analysis": {
        "technical_features": {
            "duration_ms": 274227,
            "tempo": 108.17307692307692,
            "energy": 0.95,
            "loudness": -14.939064025878906,
            "key": 4,
            "mode": 1,
            "time_signature": 12,
            "acousticness": 0.7584073543548584,
            "instrumentalness": 0.3210088908672333,
            "speechiness": 0.95,
            "danceability": 0.8486958146095276,
            "valence": 0.95,
            "spotify_audio_features": {
                "acousticness": 0.7584073543548584,
                "danceability": 0.8486958146095276,
                "duration_ms": 274227,
                "energy": 0.95,
                "instrumentalness": 0.3210088908672333,
                "key": 4,
                "liveness": 0.8415964436531067,
                "loudness": -14.939064025878906,
                "mode": 1,
                "speechiness": 0.95,
                "tempo": 108.17307692307692,
                "time_signature": 12,
                "valence": 0.95,
                "type": "audio_features",
                "analysis_url": null,
                "track_href": null,
                "uri": null,
                "id": null
            },
            "voice_features": {
                "has_voice": true,
                "voice_type": "female",
                "pitch_stats": {
                    "mean": 280.9060974121094,
                    "min": 152.35240173339844,
                    "max": 3871.885498046875
                },
                "intensity": {
                    "mean": 0.17907989025115967,
                    "min": 0.0,
                    "max": 0.5989959239959717
                },
                "harmonicity": {
                    "mean": 0.04329395666718483,
                    "min": 4.8083506953844335e-08,
                    "max": 1.0000007152557373
                },
                "detected_language": null,
                "transcribed_text": null
            }
        },
        "mood_scores": {
            "valence": 0.95,
            "arousal": 0.7979702460460174,
            "energy": 0.95,
            "quadrant": 1,
            "quadrant_description": "High Valence, High Arousal (Happy, Energetic)",
            "closest_moods": [
                {
                    "mood": "fun",
                    "distance": 0.20078626091586932,
                    "quadrant": 1,
                    "valence": 0.837,
                    "arousal": 0.632
                },
                {
                    "mood": "happy",
                    "distance": 0.21873846451655565,
                    "quadrant": 1,
                    "valence": 0.8470000000000001,
                    "arousal": 0.605
                },
                {
                    "mood": "energetic",
                    "distance": 0.26941012118812524,
                    "quadrant": 1,
                    "valence": 0.757,
                    "arousal": 0.61
                },
                {
                    "mood": "party",
                    "distance": 0.29985445533255695,
                    "quadrant": 1,
                    "valence": 0.718,
                    "arousal": 0.608
                },
                {
                    "mood": "upbeat",
                    "distance": 0.3864114277107503,
                    "quadrant": 4,
                    "valence": 0.714,
                    "arousal": 0.492
                }
            ],
            "primary_mood": "fun",
            "confidence": 0.7703550511264833,
            "mood_tags": [
                "fun",
                "happy",
                "energetic"
            ]
        },
        "duration": 274.22766666666666
    },
    "timestamp": "2024-12-03T17:31:55.557507"
}