{
    "track_name": "Shots - Lil Tecca",
    "audio_file": "uploads/Shots - Lil Tecca.mp3",
    "analysis": {
        "technical_features": {
            "duration_ms": 193920,
            "tempo": 108.17307692307692,
            "energy": 0.4174227066279052,
            "loudness": -15.17547607421875,
            "key": 9,
            "mode": 0,
            "time_signature": 12,
            "acousticness": 0.7720831036567688,
            "instrumentalness": 0.3778412342071533,
            "speechiness": 0.3089904198305723,
            "danceability": 0.95,
            "valence": 0.5410874935104425,
            "spotify_audio_features": {
                "acousticness": 0.7720831036567688,
                "danceability": 0.95,
                "duration_ms": 193920,
                "energy": 0.4174227066279052,
                "instrumentalness": 0.3778412342071533,
                "key": 9,
                "liveness": 0.4993171302938818,
                "loudness": -15.17547607421875,
                "mode": 0,
                "speechiness": 0.3089904198305723,
                "tempo": 108.17307692307692,
                "time_signature": 12,
                "valence": 0.5410874935104425,
                "type": "audio_features",
                "analysis_url": null,
                "track_href": null,
                "uri": null,
                "id": null
            },
            "voice_features": {
                "has_voice": true,
                "voice_type": "female",
                "pitch_stats": {
                    "mean": 468.4000549316406,
                    "min": 152.3770751953125,
                    "max": 3891.178466796875
                },
                "intensity": {
                    "mean": 0.17427143454551697,
                    "min": 0.0,
                    "max": 0.7623656988143921
                },
                "harmonicity": {
                    "mean": 0.00780363567173481,
                    "min": 3.7658556828468193e-10,
                    "max": 1.0000007152557373
                },
                "detected_language": null,
                "transcribed_text": null
            }
        },
        "mood_scores": {
            "valence": 0.5410874935104425,
            "arousal": 0.5198533204788207,
            "energy": 0.4174227066279052,
            "quadrant": 1,
            "quadrant_description": "High Valence, High Arousal (Happy, Energetic)",
            "closest_moods": [
                {
                    "mood": "emotional",
                    "distance": 0.03244686562876537,
                    "quadrant": 1,
                    "valence": 0.511,
                    "arousal": 0.532
                },
                {
                    "mood": "dark",
                    "distance": 0.11568595804151734,
                    "quadrant": 3,
                    "valence": 0.508,
                    "arousal": 0.409
                },
                {
                    "mood": "dramatic",
                    "distance": 0.1412161667989377,
                    "quadrant": 2,
                    "valence": 0.517,
                    "arousal": 0.659
                },
                {
                    "mood": "upbeat",
                    "distance": 0.1751414924059891,
                    "quadrant": 4,
                    "valence": 0.714,
                    "arousal": 0.492
                },
                {
                    "mood": "epic",
                    "distance": 0.182321548695113,
                    "quadrant": 2,
                    "valence": 0.7190000000000001,
                    "arousal": 0.48
                }
            ],
            "primary_mood": "emotional",
            "confidence": 0.9035503365102598,
            "mood_tags": [
                "emotional",
                "dark",
                "dramatic"
            ]
        },
        "duration": 193.92
    },
    "timestamp": "2024-12-04T05:49:42.047666"
}