{
    "track_name": "Solteiros - Deejay Telio",
    "audio_file": "uploads/Solteiros - Deejay Telio.mp3",
    "analysis": {
        "technical_features": {
            "duration_ms": 176970,
            "tempo": 106.13207547169812,
            "energy": 0.95,
            "loudness": -14.86828899383545,
            "key": 1,
            "mode": 0,
            "time_signature": 12,
            "acousticness": 0.7325754165649414,
            "instrumentalness": 0.45028790831565857,
            "speechiness": 0.95,
            "danceability": 0.95,
            "valence": 0.95,
            "spotify_audio_features": {
                "acousticness": 0.7325754165649414,
                "danceability": 0.95,
                "duration_ms": 176970,
                "energy": 0.95,
                "instrumentalness": 0.45028790831565857,
                "key": 1,
                "liveness": 0.7898848366737365,
                "loudness": -14.86828899383545,
                "mode": 0,
                "speechiness": 0.95,
                "tempo": 106.13207547169812,
                "time_signature": 12,
                "valence": 0.95,
                "type": "audio_features",
                "analysis_url": null,
                "track_href": null,
                "uri": null,
                "id": null
            },
            "voice_features": {
                "has_voice": true,
                "voice_type": "female",
                "pitch_stats": {
                    "mean": 419.00616455078125,
                    "min": 152.35520935058594,
                    "max": 3987.619384765625
                },
                "intensity": {
                    "mean": 0.18054503202438354,
                    "min": 0.0,
                    "max": 0.7350596189498901
                },
                "harmonicity": {
                    "mean": 0.002268785610795021,
                    "min": 6.118736184390627e-09,
                    "max": 1.0000007152557373
                },
                "detected_language": null,
                "transcribed_text": null
            }
        },
        "mood_scores": {
            "valence": 0.95,
            "arousal": 0.7957138901986416,
            "energy": 0.95,
            "quadrant": 1,
            "quadrant_description": "High Valence, High Arousal (Happy, Energetic)",
            "closest_moods": [
                {
                    "mood": "fun",
                    "distance": 0.19892520665811275,
                    "quadrant": 1,
                    "valence": 0.837,
                    "arousal": 0.632
                },
                {
                    "mood": "happy",
                    "distance": 0.21675051998714906,
                    "quadrant": 1,
                    "valence": 0.8470000000000001,
                    "arousal": 0.605
                },
                {
                    "mood": "energetic",
                    "distance": 0.26784071574858276,
                    "quadrant": 1,
                    "valence": 0.757,
                    "arousal": 0.61
                },
                {
                    "mood": "party",
                    "distance": 0.298430066470367,
                    "quadrant": 1,
                    "valence": 0.718,
                    "arousal": 0.608
                },
                {
                    "mood": "upbeat",
                    "distance": 0.3846272573539121,
                    "quadrant": 4,
                    "valence": 0.714,
                    "arousal": 0.492
                }
            ],
            "primary_mood": "fun",
            "confidence": 0.7721611858687185,
            "mood_tags": [
                "fun",
                "happy",
                "energetic"
            ]
        },
        "duration": 176.97089583333334
    },
    "timestamp": "2024-12-03T17:38:16.308249"
}