{
    "track_name": "The Weeknd - Blinding Lights",
    "audio_file": "downloads/The Weeknd - Blinding Lights.mp3",
    "analysis": {
        "technical_features": {
            "duration_ms": 262513,
            "tempo": 85.22727272727273,
            "energy": 0.95,
            "loudness": -13.896960258483887,
            "key": 5,
            "mode": 0,
            "time_signature": 12,
            "acousticness": 0.7748937174479167,
            "instrumentalness": 0.39236120879650116,
            "speechiness": 0.95,
            "danceability": 0.7315231436129772,
            "valence": 0.95,
            "spotify_audio_features": {
                "acousticness": 0.7748937174479167,
                "danceability": 0.7315231436129772,
                "duration_ms": 262513,
                "energy": 0.95,
                "instrumentalness": 0.39236120879650116,
                "key": 5,
                "liveness": 0.8130555164813995,
                "loudness": -13.896960258483887,
                "mode": 0,
                "speechiness": 0.95,
                "tempo": 85.22727272727273,
                "time_signature": 12,
                "valence": 0.95,
                "type": "audio_features",
                "analysis_url": null,
                "track_href": null,
                "uri": null,
                "id": null
            },
            "voice_features": {
                "has_voice": true,
                "voice_type": "female",
                "pitch_stats": {
                    "mean": 468.92132568359375,
                    "min": 152.34559631347656,
                    "max": 3995.6181640625
                },
                "intensity": {
                    "mean": 0.20190727710723877,
                    "min": 0.0,
                    "max": 0.5628200769424438
                },
                "harmonicity": {
                    "mean": 0.0192214697599411,
                    "min": 2.172005153511236e-08,
                    "max": 1.0000007152557373
                },
                "detected_language": null,
                "transcribed_text": null
            }
        },
        "mood_scores": {
            "valence": 0.95,
            "arousal": 0.7736300898320747,
            "energy": 0.95,
            "quadrant": 1,
            "quadrant_description": "High Valence, High Arousal (Happy, Energetic)",
            "closest_moods": [
                {
                    "mood": "fun",
                    "distance": 0.18118521558295408,
                    "quadrant": 1,
                    "valence": 0.837,
                    "arousal": 0.632
                },
                {
                    "mood": "happy",
                    "distance": 0.19759834816306934,
                    "quadrant": 1,
                    "valence": 0.8470000000000001,
                    "arousal": 0.605
                },
                {
                    "mood": "energetic",
                    "distance": 0.25302925976742857,
                    "quadrant": 1,
                    "valence": 0.757,
                    "arousal": 0.61
                },
                {
                    "mood": "party",
                    "distance": 0.28505670779299536,
                    "quadrant": 1,
                    "valence": 0.718,
                    "arousal": 0.608
                },
                {
                    "mood": "upbeat",
                    "distance": 0.36743912080618535,
                    "quadrant": 4,
                    "valence": 0.714,
                    "arousal": 0.492
                }
            ],
            "primary_mood": "fun",
            "confidence": 0.7893957254955161,
            "mood_tags": [
                "fun",
                "happy",
                "energetic"
            ]
        },
        "duration": 262.51320833333335
    },
    "timestamp": "2024-12-03T16:55:30.717975"
}